escenario,archivos,consulta,fuente,repeticiones,mediana_segundos,min_segundos,max_segundos,filas_resultado,materializacion_segundos
2026,16,conteo_tipo,Parquet,4,0.1712,0.1631,0.1857,2,reutilizada
2026,16,conteo_tipo,DuckDB,4,0.163,0.1536,0.1704,2,reutilizada
2026,16,importe_mensual,Parquet,4,1.7957,1.4761,2.1299,16,reutilizada
2026,16,importe_mensual,DuckDB,4,0.5866,0.5488,0.6362,16,reutilizada
2026,16,pagos,Parquet,4,1.5366,1.4429,1.6387,11,reutilizada
2026,16,pagos,DuckDB,4,0.4618,0.3544,0.5477,11,reutilizada
2024+2026,40,conteo_tipo,Parquet,4,0.4698,0.4632,0.5139,4,reutilizada
2024+2026,40,conteo_tipo,DuckDB,4,0.8012,0.6366,0.9846,4,reutilizada
2024+2026,40,importe_mensual,Parquet,4,3.7812,3.1648,6.9652,40,reutilizada
2024+2026,40,importe_mensual,DuckDB,4,1.5462,1.519,1.7516,40,reutilizada
2024+2026,40,pagos,Parquet,4,6.3052,4.8687,7.2134,23,reutilizada
2024+2026,40,pagos,DuckDB,4,2.0167,1.8907,2.5326,23,reutilizada
2024+2025+2026,64,conteo_tipo,Parquet,4,1.4631,1.4391,1.6083,6,reutilizada
2024+2025+2026,64,conteo_tipo,DuckDB,4,1.2698,1.223,1.6992,6,reutilizada
2024+2025+2026,64,importe_mensual,Parquet,4,9.8322,9.187,12.2061,64,reutilizada
2024+2025+2026,64,importe_mensual,DuckDB,4,3.4906,3.4073,3.8894,64,reutilizada
2024+2025+2026,64,pagos,Parquet,4,7.7503,7.6822,8.4304,35,reutilizada
2024+2025+2026,64,pagos,DuckDB,4,2.7341,2.3928,3.0577,35,reutilizada
