escenario,archivos,consulta,fuente,repeticion,orden,segundos
2026,16,conteo_tipo,Parquet,1,1,0.044
2026,16,conteo_tipo,DuckDB,1,2,0.0584
2026,16,conteo_tipo,DuckDB,2,1,0.0556
2026,16,conteo_tipo,Parquet,2,2,0.0454
2026,16,conteo_tipo,Parquet,3,1,0.0534
2026,16,conteo_tipo,DuckDB,3,2,0.0604
2026,16,conteo_tipo,DuckDB,4,1,0.0569
2026,16,conteo_tipo,Parquet,4,2,0.0412
2026,16,importe_mensual,Parquet,1,1,0.387
2026,16,importe_mensual,DuckDB,1,2,0.1522
2026,16,importe_mensual,DuckDB,2,1,0.1441
2026,16,importe_mensual,Parquet,2,2,0.336
2026,16,importe_mensual,Parquet,3,1,0.3559
2026,16,importe_mensual,DuckDB,3,2,0.1488
2026,16,importe_mensual,DuckDB,4,1,0.1484
2026,16,importe_mensual,Parquet,4,2,0.3832
2026,16,pagos,Parquet,1,1,0.3088
2026,16,pagos,DuckDB,1,2,0.0959
2026,16,pagos,DuckDB,2,1,0.0978
2026,16,pagos,Parquet,2,2,0.3221
2026,16,pagos,Parquet,3,1,0.3224
2026,16,pagos,DuckDB,3,2,0.0975
2026,16,pagos,DuckDB,4,1,0.0982
2026,16,pagos,Parquet,4,2,0.2986
2024+2026,40,conteo_tipo,Parquet,1,1,0.1433
2024+2026,40,conteo_tipo,DuckDB,1,2,0.2252
2024+2026,40,conteo_tipo,DuckDB,2,1,0.2172
2024+2026,40,conteo_tipo,Parquet,2,2,0.1217
2024+2026,40,conteo_tipo,Parquet,3,1,0.0989
2024+2026,40,conteo_tipo,DuckDB,3,2,0.2194
2024+2026,40,conteo_tipo,DuckDB,4,1,0.2222
2024+2026,40,conteo_tipo,Parquet,4,2,0.1049
2024+2026,40,importe_mensual,Parquet,1,1,1.9046
2024+2026,40,importe_mensual,DuckDB,1,2,0.5537
2024+2026,40,importe_mensual,DuckDB,2,1,0.5906
2024+2026,40,importe_mensual,Parquet,2,2,0.9785
2024+2026,40,importe_mensual,Parquet,3,1,0.8674
2024+2026,40,importe_mensual,DuckDB,3,2,0.5551
2024+2026,40,importe_mensual,DuckDB,4,1,0.5594
2024+2026,40,importe_mensual,Parquet,4,2,1.9983
2024+2026,40,pagos,Parquet,1,1,0.991
2024+2026,40,pagos,DuckDB,1,2,0.4178
2024+2026,40,pagos,DuckDB,2,1,0.3933
2024+2026,40,pagos,Parquet,2,2,0.9462
2024+2026,40,pagos,Parquet,3,1,0.9003
2024+2026,40,pagos,DuckDB,3,2,0.4497
2024+2026,40,pagos,DuckDB,4,1,0.4556
2024+2026,40,pagos,Parquet,4,2,0.888
2024+2025+2026,64,conteo_tipo,Parquet,1,1,0.1714
2024+2025+2026,64,conteo_tipo,DuckDB,1,2,0.265
2024+2025+2026,64,conteo_tipo,DuckDB,2,1,0.2787
2024+2025+2026,64,conteo_tipo,Parquet,2,2,0.2435
2024+2025+2026,64,conteo_tipo,Parquet,3,1,0.1797
2024+2025+2026,64,conteo_tipo,DuckDB,3,2,0.2432
2024+2025+2026,64,conteo_tipo,DuckDB,4,1,0.2639
2024+2025+2026,64,conteo_tipo,Parquet,4,2,0.1763
2024+2025+2026,64,importe_mensual,Parquet,1,1,2.3285
2024+2025+2026,64,importe_mensual,DuckDB,1,2,0.8353
2024+2025+2026,64,importe_mensual,DuckDB,2,1,0.7542
2024+2025+2026,64,importe_mensual,Parquet,2,2,2.1994
2024+2025+2026,64,importe_mensual,Parquet,3,1,1.953
2024+2025+2026,64,importe_mensual,DuckDB,3,2,0.8221
2024+2025+2026,64,importe_mensual,DuckDB,4,1,0.7005
2024+2025+2026,64,importe_mensual,Parquet,4,2,1.8791
2024+2025+2026,64,pagos,Parquet,1,1,1.5074
2024+2025+2026,64,pagos,DuckDB,1,2,0.5281
2024+2025+2026,64,pagos,DuckDB,2,1,0.5557
2024+2025+2026,64,pagos,Parquet,2,2,2.2488
2024+2025+2026,64,pagos,Parquet,3,1,1.8603
2024+2025+2026,64,pagos,DuckDB,3,2,0.5204
2024+2025+2026,64,pagos,DuckDB,4,1,0.4988
2024+2025+2026,64,pagos,Parquet,4,2,1.6959
